{
  "overall_f1": 38.87854198393625,
  "overall_judge": 8.831168831168831,
  "elapsed": 638.9648730754852,
  "label": "project=Personal | t=0.2 k=8 | judge",
  "by_category": {
    "decisions": {
      "f1": 45.75790851687395,
      "judge": 8.333333333333332,
      "n": 72
    },
    "solutions": {
      "f1": 47.38184855670953,
      "judge": 9.63855421686747,
      "n": 83
    },
    "patterns": {
      "f1": 44.27378044410328,
      "judge": 11.940298507462686,
      "n": 67
    },
    "bugs": {
      "f1": 35.20129796233117,
      "judge": 5.88235294117647,
      "n": 51
    },
    "insights": {
      "f1": 25.80977586557832,
      "judge": 11.29032258064516,
      "n": 62
    },
    "procedures": {
      "f1": 27.58320461787954,
      "judge": 4.0,
      "n": 50
    }
  },
  "args": {
    "project": "Personal",
    "dataset": "eval/qa_dataset.json",
    "engram": "./target/release/engram",
    "model": "",
    "judge_model": "gemini-2.5-flash",
    "threshold": 0.2,
    "top_k": 8,
    "use_judge": true,
    "max_per_cat": null,
    "categories": "decisions,solutions,patterns,bugs,insights,procedures",
    "output": "eval/domain_results_v1.json",
    "prev": null
  }
}