{
  "scores": {
    "2": [
      0.375,
      0.0,
      0.0,
      0.0,
      0.0909090909090909,
      0.1111111111111111,
      0.3076923076923077,
      0.28571428571428575,
      0.0,
      0.0,
      0.375,
      0.15384615384615385,
      0.2222222222222222,
      0.0,
      0.0,
      0.0588235294117647,
      0.0,
      0.0,
      0.18181818181818182,
      0.11764705882352941,
      0.07407407407407407,
      0.0,
      0.16216216216216214,
      0.0,
      0.14285714285714285,
      0.12500000000000003,
      0.0909090909090909,
      0.0,
      0.0,
      0.0,
      0.10526315789473682,
      0.0,
      0.0,
      0.0,
      0.0909090909090909,
      0.13333333333333333,
      0.0
    ],
    "3": [
      0.07407407407407407,
      0.0,
      0.07999999999999999,
      0.0,
      0.0,
      0.0,
      0.0606060606060606,
      0.0,
      0.08000000000000002,
      0.0,
      0.0,
      0.0,
      0.0
    ],
    "1": [
      0.0,
      0.033898305084745756,
      0.13333333333333333,
      0.0,
      0.4444444444444444,
      0.12121212121212122,
      0.03636363636363637,
      0.06060606060606061,
      0.23076923076923075,
      0.0689655172413793,
      0.06349206349206349,
      0.0,
      0.0,
      0.0606060606060606,
      0.16666666666666666,
      0.0,
      0.06451612903225806,
      0.1702127659574468,
      0.0,
      0.023255813953488372,
      0.2857142857142857,
      0.14285714285714288,
      0.08333333333333334,
      0.25,
      0.47058823529411764,
      0.20689655172413793,
      0.0,
      0.07692307692307691,
      0.0,
      0.0,
      0.0,
      0.048780487804878044
    ],
    "4": [
      0.2857142857142857,
      0.4,
      0.3714285714285714,
      0.0,
      0.0,
      0.0,
      0.6,
      0.1791044776119403,
      0.5263157894736842,
      0.2222222222222222,
      0.18181818181818182,
      0.13333333333333333,
      0.0,
      0.2745098039215686,
      0.6857142857142856,
      0.33333333333333337,
      0.09999999999999999,
      0.4090909090909091,
      0.17142857142857143,
      0.0,
      0.6153846153846153,
      0.4,
      0.33333333333333337,
      0.3157894736842105,
      0.15384615384615385,
      0.16666666666666666,
      0.2222222222222222,
      0.18181818181818182,
      0.0,
      0.16666666666666669,
      0.0,
      0.0,
      0.4444444444444445,
      0.5263157894736842,
      0.0,
      0.4444444444444445,
      0.35294117647058826,
      0.25806451612903225,
      0.375,
      0.19999999999999998,
      0.358974358974359,
      0.33333333333333337,
      0.0625,
      0.5,
      0.2222222222222222,
      0.375,
      0.2222222222222222,
      0.1568627450980392,
      0.25,
      0.25,
      0.15384615384615385,
      0.0,
      0.3684210526315789,
      0.23529411764705882,
      0.08,
      0.0,
      0.0,
      0.5142857142857142,
      0.0,
      0.0,
      0.045454545454545456,
      0.125,
      0.24,
      0.2857142857142857,
      0.3333333333333333,
      0.13793103448275862,
      0.0,
      0.0,
      0.058823529411764705,
      0.05405405405405405
    ],
    "5": [
      0.0,
      0.16666666666666669
    ]
  },
  "elapsed": 277.83303117752075,
  "n_convs": 1,
  "label": "Fact extract (Gemini) | threshold=0.2 top_k=8",
  "provider": "gemini",
  "use_llm_ingest": false,
  "use_graph": false,
  "threshold": 0.2,
  "top_k": 8
}