{
  "scores": {
    "2": [
      0.0,
      0.0,
      0.0,
      0.0,
      0.0,
      0.13333333333333333,
      0.0,
      0.4444444444444444,
      0.0,
      0.0,
      0.0,
      0.20000000000000004,
      0.0,
      0.0,
      0.12500000000000003,
      0.11764705882352941,
      0.0,
      0.0,
      0.09302325581395349,
      0.0,
      0.0,
      0.0,
      0.0909090909090909,
      0.0,
      0.0,
      0.1818181818181818,
      0.0,
      0.0,
      0.0,
      0.0,
      0.16666666666666666,
      0.0,
      0.0,
      0.0,
      0.07142857142857142,
      0.16666666666666666,
      0.0
    ],
    "3": [
      0.1,
      0.0,
      0.14285714285714288,
      0.14285714285714285,
      0.0,
      0.0,
      0.0975609756097561,
      0.0,
      0.0,
      0.0,
      0.0,
      0.0,
      0.0
    ],
    "1": [
      0.0,
      0.03508771929824561,
      0.0,
      0.0,
      0.3333333333333333,
      0.13793103448275865,
      0.14814814814814814,
      0.06666666666666667,
      0.15789473684210525,
      0.07142857142857144,
      0.13953488372093023,
      0.04651162790697674,
      0.0,
      0.1090909090909091,
      0.21621621621621623,
      0.0,
      0.0,
      0.2666666666666667,
      0.0,
      0.20689655172413793,
      0.375,
      0.2857142857142857,
      0.1111111111111111,
      0.25,
      0.5,
      0.13559322033898308,
      0.0625,
      0.06896551724137931,
      0.0,
      0.0,
      0.0,
      0.05263157894736842
    ],
    "4": [
      0.0,
      0.47058823529411764,
      0.45454545454545453,
      0.15,
      0.1818181818181818,
      0.35714285714285715,
      0.6,
      0.4102564102564102,
      0.8888888888888888,
      0.35294117647058826,
      0.2857142857142857,
      0.15384615384615385,
      0.375,
      0.21875,
      0.5333333333333333,
      0.4,
      0.72,
      0.3448275862068965,
      0.43750000000000006,
      0.18181818181818182,
      0.64,
      0.5454545454545454,
      0.33333333333333337,
      0.1875,
      0.19999999999999998,
      0.5,
      0.26666666666666666,
      0.33333333333333337,
      0.1111111111111111,
      0.2222222222222222,
      0.0,
      0.0,
      0.3636363636363636,
      0.5853658536585366,
      0.3870967741935483,
      0.5,
      0.3157894736842105,
      0.3076923076923077,
      0.6,
      0.3076923076923077,
      0.31578947368421056,
      0.5,
      0.36363636363636365,
      0.6153846153846153,
      0.0,
      0.5454545454545454,
      0.2857142857142857,
      0.6153846153846153,
      0.18181818181818182,
      0.18181818181818182,
      0.125,
      0.125,
      0.6666666666666667,
      0.6666666666666667,
      0.14285714285714288,
      0.0,
      0.23529411764705882,
      0.5128205128205129,
      0.0,
      0.06369426751592357,
      0.04081632653061225,
      0.4444444444444445,
      0.2727272727272727,
      0.23529411764705882,
      0.32000000000000006,
      0.18181818181818182,
      0.0,
      0.0,
      0.09523809523809525,
      0.0
    ],
    "5": [
      0.0,
      0.0
    ]
  },
  "elapsed": 258.5459098815918,
  "n_convs": 1,
  "label": "LLM ingest | threshold=0.2 top_k=8",
  "provider": "gemini",
  "use_llm_ingest": true,
  "use_graph": false,
  "threshold": 0.2,
  "top_k": 8
}