{
  "scores": {
    "2": [
      0.33333333333333337,
      0.0,
      0.0,
      0.0,
      0.08695652173913045,
      0.1111111111111111,
      0.3076923076923077,
      0.26666666666666666,
      0.0,
      0.0,
      0.33333333333333337,
      0.14285714285714285,
      0.2,
      0.0,
      0.0,
      0.11764705882352941,
      0.0,
      0.0,
      0.15873015873015872,
      0.09523809523809523,
      0.07142857142857142,
      0.0,
      0.14285714285714285,
      0.0,
      0.14285714285714285,
      0.14285714285714285,
      0.12121212121212123,
      0.0,
      0.0,
      0.0,
      0.1111111111111111,
      0.0,
      0.0,
      0.0,
      0.08695652173913045,
      0.12500000000000003,
      0.0
    ],
    "3": [
      0.05714285714285714,
      0.0,
      0.08333333333333333,
      0.0,
      0.0,
      0.0,
      0.06666666666666668,
      0.0,
      0.05714285714285715,
      0.10810810810810811,
      0.0,
      0.0,
      0.07407407407407407
    ],
    "1": [
      0.0,
      0.03448275862068965,
      0.13333333333333333,
      0.0,
      0.4444444444444444,
      0.08695652173913043,
      0.08333333333333334,
      0.06060606060606061,
      0.23999999999999996,
      0.09302325581395349,
      0.14285714285714285,
      0.0,
      0.0,
      0.09375,
      0.22641509433962265,
      0.0,
      0.06666666666666667,
      0.15384615384615385,
      0.0,
      0.10256410256410256,
      0.3157894736842105,
      0.0,
      0.15384615384615385,
      0.2,
      0.47058823529411764,
      0.17142857142857143,
      0.16,
      0.08,
      0.0,
      0.0,
      0.25,
      0.23529411764705882
    ],
    "4": [
      0.33333333333333337,
      0.47058823529411764,
      0.6666666666666667,
      0.0,
      0.13333333333333336,
      0.1904761904761905,
      0.41379310344827586,
      0.19047619047619047,
      0.43478260869565216,
      0.375,
      0.2222222222222222,
      0.18181818181818182,
      0.0,
      0.11267605633802817,
      0.7058823529411764,
      0.375,
      0.09523809523809525,
      0.2816901408450704,
      0.10526315789473684,
      0.0,
      0.5925925925925926,
      0.33333333333333337,
      0.1904761904761905,
      0.2727272727272727,
      0.15384615384615385,
      0.2285714285714286,
      0.0,
      0.125,
      0.0,
      0.125,
      0.0,
      0.0,
      0.4,
      0.5128205128205128,
      0.0,
      0.3636363636363636,
      0.23076923076923078,
      0.163265306122449,
      0.4,
      0.2222222222222222,
      0.3783783783783784,
      0.3076923076923077,
      0.0588235294117647,
      0.5,
      0.2222222222222222,
      0.33333333333333337,
      0.2222222222222222,
      0.1904761904761905,
      0.2222222222222222,
      0.2222222222222222,
      0.13333333333333336,
      0.0,
      0.34146341463414637,
      0.0,
      0.10526315789473684,
      0.0,
      0.0,
      0.5142857142857142,
      0.0,
      0.0,
      0.03508771929824562,
      0.1,
      0.2727272727272727,
      0.23529411764705882,
      0.3333333333333333,
      0.10526315789473685,
      0.0,
      0.0,
      0.13636363636363635,
      0.0
    ],
    "5": [
      0.0,
      0.15384615384615385
    ]
  },
  "elapsed": 289.08217906951904,
  "n_convs": 1,
  "label": "Fact extract | t=0.1 k=10",
  "provider": "gemini",
  "use_llm_ingest": false,
  "use_graph": false,
  "threshold": null,
  "top_k": 10
}