{
  "scores": {
    "2": [
      0.33333333333333337,
      0.0,
      0.0,
      0.0,
      0.08333333333333333,
      0.1,
      0.3076923076923077,
      0.28571428571428575,
      0.0,
      0.0,
      0.35294117647058826,
      0.14285714285714285,
      0.18181818181818182,
      0.0,
      0.0,
      0.12500000000000003,
      0.0,
      0.0,
      0.2631578947368421,
      0.06666666666666667,
      0.07142857142857142,
      0.0,
      0.1111111111111111,
      0.0,
      0.14285714285714285,
      0.14285714285714285,
      0.0425531914893617,
      0.0,
      0.0,
      0.0,
      0.11764705882352941,
      0.0,
      0.0,
      0.0,
      0.08695652173913045,
      0.11764705882352941,
      0.0
    ],
    "3": [
      0.05405405405405406,
      0.0,
      0.07999999999999999,
      0.0,
      0.0,
      0.0,
      0.04651162790697674,
      0.0,
      0.08000000000000002,
      0.07017543859649124,
      0.0,
      0.0,
      0.14285714285714288
    ],
    "1": [
      0.0,
      0.037037037037037035,
      0.13333333333333333,
      0.0,
      0.4444444444444444,
      0.11267605633802817,
      0.1212121212121212,
      0.047619047619047616,
      0.14634146341463414,
      0.09756097560975609,
      0.16666666666666666,
      0.0,
      0.0,
      0.10309278350515463,
      0.23809523809523808,
      0.0,
      0.03636363636363636,
      0.15094339622641506,
      0.0,
      0.13333333333333333,
      0.2857142857142857,
      0.18181818181818182,
      0.09999999999999999,
      0.25,
      0.47058823529411764,
      0.1,
      0.0,
      0.06896551724137931,
      0.0,
      0.0,
      0.25,
      0.2857142857142857
    ],
    "4": [
      0.2857142857142857,
      0.4444444444444445,
      0.44067796610169485,
      0.0,
      0.1818181818181818,
      0.16666666666666666,
      0.33333333333333326,
      0.30769230769230765,
      0.5,
      0.375,
      0.14285714285714288,
      0.2857142857142857,
      0.0,
      0.12,
      0.5581395348837209,
      0.35294117647058826,
      0.08695652173913043,
      0.2985074626865672,
      0.09375,
      0.0,
      0.34782608695652173,
      0.5454545454545454,
      0.2666666666666667,
      0.2608695652173913,
      0.15384615384615385,
      0.33333333333333337,
      0.2,
      0.14285714285714288,
      0.0,
      0.15384615384615385,
      0.0,
      0.0,
      0.4,
      0.5454545454545454,
      0.0,
      0.4,
      0.33333333333333337,
      0.25806451612903225,
      0.35294117647058826,
      0.2222222222222222,
      0.39999999999999997,
      0.33333333333333337,
      0.1739130434782609,
      0.4210526315789474,
      0.2222222222222222,
      0.33333333333333337,
      0.18181818181818182,
      0.18604651162790695,
      0.25,
      0.25,
      0.11764705882352941,
      0.0,
      0.3255813953488372,
      0.0,
      0.0,
      0.0,
      0.0,
      0.5142857142857142,
      0.0,
      0.0,
      0.0,
      0.1,
      0.28571428571428575,
      0.23529411764705882,
      0.3636363636363636,
      0.12000000000000001,
      0.0,
      0.0,
      0.1212121212121212,
      0.05405405405405405
    ],
    "5": [
      0.0,
      0.0
    ]
  },
  "elapsed": 281.4251961708069,
  "n_convs": 1,
  "label": "Fact extract (Gemini) | threshold=0.2 top_k=8",
  "provider": "gemini",
  "use_llm_ingest": false,
  "use_graph": false,
  "threshold": 0.2,
  "top_k": 8
}