{
  "f1_scores": {
    "2": [
      1.0,
      0.0,
      0.0,
      0.0,
      0.28571428571428575,
      0.28571428571428575,
      1.0,
      0.6666666666666666,
      0.0,
      0.0,
      0.8571428571428571,
      0.28571428571428575,
      0.36363636363636365,
      0.0,
      0.0,
      0.28571428571428575,
      0.0,
      0.28571428571428575,
      0.7692307692307692,
      0.7272727272727272,
      0.28571428571428575,
      0.0,
      0.28571428571428575,
      0.0,
      0.0,
      0.28571428571428575,
      0.28571428571428575,
      0.0,
      0.0,
      0.0,
      0.28571428571428575,
      0.0,
      0.0,
      0.0,
      0.25,
      0.28571428571428575,
      0.0
    ],
    "3": [
      0.3333333333333333,
      0.0,
      0.0,
      0.0,
      0.0,
      0.0,
      0.0,
      0.0,
      0.0,
      0.1818181818181818,
      0.0,
      0.0,
      0.0
    ],
    "1": [
      0.0,
      0.3333333333333333,
      0.4,
      0.4,
      0.6666666666666666,
      0.3333333333333333,
      0.4,
      0.22222222222222224,
      0.4,
      0.28571428571428575,
      0.5714285714285715,
      0.0,
      0.0,
      0.5714285714285715,
      0.0,
      0.0,
      0.0,
      0.8571428571428571,
      0.0,
      0.25,
      1.0,
      1.0,
      0.36363636363636365,
      0.6666666666666666,
      1.0,
      0.2222222222222222,
      0.0,
      0.0,
      0.0,
      0.0,
      0.0,
      0.4
    ],
    "4": [
      1.0,
      0.888888888888889,
      0.45454545454545453,
      0.0,
      0.5,
      0.14285714285714288,
      0.75,
      0.2105263157894737,
      0.6153846153846153,
      1.0,
      1.0,
      1.0,
      0.0,
      0.0,
      0.5,
      1.0,
      0.0,
      0.6,
      1.0,
      0.0,
      0.8750000000000001,
      1.0,
      0.5,
      0.5,
      1.0,
      0.6666666666666666,
      0.4,
      0.5,
      0.2857142857142857,
      0.6666666666666666,
      0.0,
      0.0,
      1.0,
      0.5263157894736842,
      0.0,
      1.0,
      1.0,
      0.888888888888889,
      0.5714285714285715,
      1.0,
      0.0,
      0.6666666666666666,
      0.0,
      1.0,
      1.0,
      1.0,
      0.5714285714285715,
      1.0,
      1.0,
      0.6666666666666666,
      0.5,
      0.0,
      0.8571428571428571,
      0.0,
      0.3333333333333333,
      0.3333333333333333,
      0.0,
      0.42857142857142855,
      0.0,
      0.0,
      0.0,
      0.2,
      0.0,
      0.6666666666666666,
      0.7499999999999999,
      0.0,
      0.0,
      0.0,
      0.5714285714285715,
      0.1818181818181818
    ],
    "5": [
      0.0,
      1.0
    ]
  },
  "judge_scores": {
    "2": [
      0.0,
      0.0,
      0.0,
      0.0,
      0.0,
      0.0,
      0.0,
      0.0,
      0.0,
      0.0,
      0.0,
      0.0,
      0.0,
      0.0,
      0.0,
      0.0,
      0.0,
      0.0,
      0.0,
      0.0,
      0.0,
      0.0,
      0.0,
      0.0,
      0.0,
      0.0,
      0.0,
      0.0,
      0.0,
      0.0,
      0.0,
      0.0,
      0.0,
      0.0,
      0.0,
      0.0,
      0.0
    ],
    "3": [
      0.0,
      0.0,
      0.0,
      0.0,
      0.0,
      0.0,
      0.0,
      0.0,
      0.0,
      0.0,
      0.0,
      0.0,
      0.0
    ],
    "1": [
      0.0,
      0.0,
      0.0,
      0.0,
      0.0,
      0.0,
      0.0,
      0.0,
      0.0,
      0.0,
      0.0,
      0.0,
      0.0,
      0.0,
      0.0,
      0.0,
      0.0,
      0.0,
      0.0,
      0.0,
      0.0,
      0.0,
      0.0,
      0.0,
      0.0,
      0.0,
      0.0,
      0.0,
      0.0,
      0.0,
      0.0,
      0.0
    ],
    "4": [
      0.0,
      0.0,
      0.0,
      0.0,
      0.0,
      0.0,
      0.0,
      0.0,
      0.0,
      0.0,
      0.0,
      0.0,
      0.0,
      0.0,
      0.0,
      0.0,
      0.0,
      0.0,
      0.0,
      0.0,
      0.0,
      0.0,
      0.0,
      0.0,
      0.0,
      0.0,
      0.0,
      0.0,
      0.0,
      0.0,
      0.0,
      0.0,
      0.0,
      0.0,
      0.0,
      0.0,
      0.0,
      0.0,
      0.0,
      0.0,
      0.0,
      0.0,
      0.0,
      0.0,
      0.0,
      0.0,
      0.0,
      0.0,
      0.0,
      0.0,
      0.0,
      0.0,
      0.0,
      0.0,
      0.0,
      0.0,
      0.0,
      0.0,
      0.0,
      0.0,
      0.0,
      0.0,
      0.0,
      0.0,
      0.0,
      0.0,
      0.0,
      0.0,
      0.0,
      0.0
    ],
    "5": [
      0.0,
      0.0
    ]
  },
  "elapsed": 1792.1793839931488,
  "n_convs": 1,
  "label": "strategy=atomic | extract=2.5-pro | qa=2.5-pro | t=0.1 k=10 | judge",
  "args": {
    "engram": "./target/release/engram",
    "data": "eval/locomo10.json",
    "embed_provider": "gemini",
    "extract_model": "gemini-2.5-pro",
    "qa_model": "gemini-2.5-pro",
    "judge_model": "gemini-2.5-pro",
    "strategy": "atomic",
    "use_graph": false,
    "use_judge": true,
    "threshold": 0.1,
    "top_k": 10,
    "max_convs": 1,
    "workers": 1,
    "output": "eval/results_v3_smoke.json"
  }
}