{
  "scores": {
    "2": [
      0.0,
      0.0,
      0.0,
      0.0,
      0.13333333333333333,
      0.11764705882352941,
      0.0,
      0.6666666666666666,
      0.0,
      0.0,
      0.0,
      0.20000000000000004,
      0.0,
      0.0,
      0.0,
      0.0,
      0.07407407407407407,
      0.0,
      0.13793103448275862,
      0.14285714285714285,
      0.0,
      0.0,
      0.11764705882352941,
      0.0,
      0.14285714285714285,
      0.1818181818181818,
      0.0,
      0.0,
      0.0,
      0.0,
      0.13333333333333333,
      0.0,
      0.0,
      0.0,
      0.0,
      0.16666666666666666,
      0.0
    ],
    "3": [
      0.1111111111111111,
      0.0,
      0.10526315789473685,
      0.0,
      0.0,
      0.0,
      0.19354838709677416,
      0.0,
      0.0,
      0.25000000000000006,
      0.0,
      0.0,
      0.0
    ],
    "1": [
      0.07407407407407407,
      0.08333333333333333,
      0.0,
      0.0,
      0.27586206896551724,
      0.0975609756097561,
      0.26666666666666666,
      0.0,
      0.15384615384615385,
      0.16666666666666669,
      0.13636363636363635,
      0.0425531914893617,
      0.0,
      0.14285714285714285,
      0.17283950617283952,
      0.0,
      0.0,
      0.1875,
      0.0,
      0.07407407407407407,
      0.3,
      0.2857142857142857,
      0.125,
      0.25,
      0.7272727272727273,
      0.1111111111111111,
      0.24,
      0.08,
      0.2857142857142857,
      0.0,
      0.0,
      0.25
    ],
    "4": [
      0.4444444444444445,
      0.47058823529411764,
      0.5263157894736842,
      0.13953488372093023,
      0.14285714285714285,
      0.37037037037037035,
      0.6,
      0.22222222222222224,
      0.7999999999999999,
      0.24000000000000002,
      0.2857142857142857,
      0.13333333333333333,
      0.42857142857142855,
      0.4,
      0.4799999999999999,
      0.4,
      0.72,
      0.4081632653061224,
      0.6666666666666666,
      0.18181818181818182,
      0.7272727272727274,
      0.4615384615384615,
      0.33333333333333337,
      0.1935483870967742,
      0.18181818181818182,
      0.4444444444444445,
      0.2727272727272727,
      0.15384615384615385,
      0.125,
      0.125,
      0.05555555555555555,
      0.0,
      0.3636363636363636,
      0.6,
      0.39999999999999997,
      0.5,
      0.3157894736842105,
      0.25806451612903225,
      0.6,
      0.3076923076923077,
      0.38095238095238093,
      0.5,
      0.08695652173913045,
      0.6153846153846153,
      0.0,
      0.5454545454545454,
      0.25,
      0.6153846153846153,
      0.18181818181818182,
      0.18181818181818182,
      0.125,
      0.125,
      0.611111111111111,
      0.761904761904762,
      0.14285714285714288,
      0.0,
      0.0,
      0.4651162790697674,
      0.0,
      0.15873015873015872,
      0.04081632653061225,
      0.38095238095238093,
      0.2727272727272727,
      0.23809523809523808,
      0.4210526315789473,
      0.1395348837209302,
      0.0,
      0.0,
      0.08888888888888888,
      0.0
    ],
    "5": [
      0.18181818181818182,
      0.0
    ]
  },
  "elapsed": 359.2839617729187,
  "n_convs": 1,
  "use_graph": false,
  "provider": "gemini"
}