{
  "scores": {
    "2": [
      1.0,
      0.0,
      0.0,
      0.0,
      0.1818181818181818,
      0.13333333333333333,
      0.4,
      0.36363636363636365,
      0.0,
      0.0,
      0.5,
      0.20000000000000004,
      0.36363636363636365,
      0.0,
      0.0,
      0.28571428571428575,
      0.0,
      0.16666666666666666,
      0.7692307692307692,
      0.28571428571428575,
      0.15384615384615385,
      0.0,
      0.0,
      0.0,
      0.16666666666666666,
      0.1818181818181818,
      0.6153846153846154,
      0.0,
      0.0,
      0.0,
      0.14285714285714285,
      0.0,
      0.0,
      0.0,
      0.15384615384615385,
      0.16666666666666666,
      0.0
    ],
    "3": [
      0.25,
      0.0,
      0.0,
      0.0,
      0.0,
      0.0,
      0.0,
      0.0,
      0.0,
      0.3076923076923077,
      0.0,
      0.0,
      0.0
    ],
    "1": [
      0.0,
      0.25,
      0.33333333333333337,
      0.0,
      0.5,
      0.15384615384615383,
      0.2,
      0.0,
      0.42857142857142855,
      0.2,
      0.5714285714285715,
      0.0,
      0.0,
      0.0,
      0.380952380952381,
      0.0,
      0.0,
      0.18181818181818182,
      0.0,
      0.2,
      0.8,
      0.0,
      0.4,
      0.4,
      1.0,
      0.0,
      0.0,
      0.28571428571428575,
      0.0,
      0.0,
      0.0,
      0.28571428571428575
    ],
    "4": [
      1.0,
      0.888888888888889,
      0.45454545454545453,
      0.0,
      0.3333333333333333,
      0.0,
      0.75,
      0.19999999999999998,
      0.6250000000000001,
      1.0,
      0.2857142857142857,
      0.2857142857142857,
      0.0,
      1.0,
      0.8,
      0.7499999999999999,
      0.9473684210526316,
      0.3529411764705882,
      0.23529411764705882,
      0.0,
      0.8750000000000001,
      1.0,
      0.5,
      0.5,
      0.25,
      0.42857142857142855,
      0.16666666666666666,
      0.33333333333333337,
      0.0,
      0.4,
      0.0,
      0.0,
      0.5,
      0.4545454545454546,
      0.0,
      0.5333333333333333,
      0.6,
      0.8,
      0.6666666666666666,
      1.0,
      0.0,
      0.6666666666666666,
      0.25,
      0.6666666666666666,
      0.6666666666666666,
      0.7499999999999999,
      0.5714285714285715,
      1.0,
      1.0,
      0.4,
      0.2,
      0.0,
      0.6666666666666666,
      0.2857142857142857,
      0.0,
      0.0,
      0.22222222222222224,
      0.6666666666666665,
      0.0,
      0.0,
      0.0,
      0.15384615384615383,
      0.0,
      0.26666666666666666,
      0.3333333333333333,
      0.0,
      0.0,
      0.0,
      0.0,
      0.0
    ],
    "5": [
      0.0,
      0.0
    ]
  },
  "elapsed": 243.3328001499176,
  "n_convs": 1,
  "label": "Fact extract | t=0.1 k=10",
  "provider": "gemini",
  "use_llm_ingest": false,
  "use_graph": false,
  "threshold": null,
  "top_k": 10
}